{"cameraMode":{"drawMode":0,"name":"Shaded","section":"Shading Mode"},"sceneLighting":false,"audioPlay":false,"sceneViewState":{"showFog":true,"showMaterialUpdate":false,"showSkybox":false,"showFlares":true,"showImageEffects":true,"showParticleSystems":true},"in2DMode":false,"pivot":{"x":-14.77979564666748,"y":7.908011436462402,"z":0.7987593412399292},"rotation":{"x":-0.023683831095695497,"y":0.01980310119688511,"z":0.00046840598224662244,"w":0.9995272755622864},"size":0.9952282309532166,"orthographic":false}